Developmental Disability Services Office,Service Provider Agency,Street Address ,Street Address Line 2,City,State,Zip Code,Phone,County,Website Url,Intermediate Care Facilities (ICFs),Individual Residential Alternative (IRA),Family Care,Self-Direction Services,Individual Support Services (ISSs),Day Training,Day Treatment,Senior/Geriatric Services,Day Habilitation,Work Shop,Prevocational,Supported Employment Enrollments,Community Habilitation,Family Support Services,Care at Home Waiver Services,Developmental Centers And Special Population Services,Location 1
SUNMOUNT DDSO,ST REGIS MOHAWK TRIBE,71 MARGARET TERRANCE MMRL WAY,,AKWESASNE,NY,13655,518-358-9481,FRANKLIN,http://www.srmt-nsn.gov/contact,N,Y,N,N,Y,N,N,N,Y,N,N,N,Y,Y,N,N,
CAPITAL DISTRICT DDSO,ALTERNATIVE LIVING GROUP,500 NEW KARNER ROAD,SUITE 3,ALBANY,NY,12205,518-374-0053,ALBANY,http://www.alginc.org,N,Y,N,Y,Y,N,N,N,N,N,N,Y,Y,Y,N,N,"500 NEW KARNER ROAD
ALBANY, NY 12205
(42.742603, -73.839783)"
CAPITAL DISTRICT DDSO,CATHOLIC CHARITIES OF THE DIOCESE OF ALB,1 PARK PLACE,SUITE 200,ALBANY,NY,12205,518-783-1111,ALBANY,http://www.ccdservices.org,N,Y,N,Y,Y,N,N,N,N,N,N,Y,Y,Y,N,N,"1 PARK PLACE
ALBANY, NY 12205
(42.715563, -73.81424)"
CAPITAL DISTRICT DDSO,CENTER FOR DISABILITY SERVICES  INC,314 SOUTH MANNING BOULEVARD,,ALBANY,NY,12208,518-738-0020 X3712,ALBANY,http://www.cfdsny.org,N,Y,N,N,Y,N,N,N,Y,Y,Y,Y,Y,Y,N,N,"314 SOUTH MANNING BOULEVARD
ALBANY, NY 12208
(42.654412, -73.806297)"
CAPITAL DISTRICT DDSO,LIVING RESOURCES CORPORATION,300 WASHINGTON AVE EXTENSION,,ALBANY,NY,12203,518-218-0000,ALBANY,http://www.livingresources.org,N,Y,N,N,Y,N,N,N,Y,N,N,Y,Y,Y,N,N,"300 WASHINGTON AVE EXTENSION
ALBANY, NY 12203
(42.708618, -73.865263)"
CENTRAL NEW YORK DDSO,UNITY HOUSE OF CAYUGA COUNTY INC.,217 GENESEE STREET,SUITE 14,AUBURN,NY,13021,315-253-6227,CAYUGA,http://www.unityhouse.com,N,Y,N,Y,Y,N,N,N,Y,N,Y,Y,Y,Y,N,N,"217 GENESEE STREET
AUBURN, NY 13021
(42.925878, -76.577971)"
CAPITAL DISTRICT DDSO,SARATOGA CO. NYSARC  INC.,16 SARATOGA BRIDGES BOULEVARD,,BALLSTON SPA,NY,12020,518-587-0723,SARATOGA,http://www.saratogabridges.org,Y,Y,Y,Y,Y,N,N,N,Y,N,Y,Y,Y,Y,N,N,"16 SARATOGA BRIDGES BOULEVARD
BALLSTON SPA, NY 12020
(43.016954, -73.793786)"
WESTERN NEW YORK DDSO,ARC OF GENESEE ORLEANS,64 WALNUT ST,,BATAVIA,NY,14020,585-343-1123,GENESEE,http://www.arcoforleans.org,N,Y,Y,Y,Y,N,N,N,Y,N,Y,Y,Y,Y,N,N,"64 WALNUT ST
BATAVIA, NY 14020
(42.99442, -78.192989)"
FINGER LAKES DDSO,STEUBEN CO. NYSARC  INC.,ONE ARC WAY,,BATH,NY,14810,607-776-4146,STEUBEN,http://arcofsteuben.org,N,Y,N,N,Y,N,N,N,Y,N,Y,Y,Y,Y,N,N,
BERNARD M. FINESON DDSO,ANIBIC  INC.,61-35 220TH STREET,,BAYSIDE,NY,11364,718-423-9550,QUEENS,http://www.anibic.org,N,Y,N,N,Y,N,N,N,Y,N,Y,Y,Y,Y,N,N,"61-35 220TH STREET
BAYSIDE, NY 11364
(40.747678, -73.757467)"
LONG ISLAND DDSO,A.C.L.D.,807 SOUTH OYSTER BAY ROAD,,BETHPAGE,NY,11714,516-822-0028,NASSAU,http://www.acld.org,Y,Y,N,N,Y,N,N,N,Y,N,N,Y,Y,Y,N,N,"807 SOUTH OYSTER BAY ROAD
BETHPAGE, NY 11714
(40.761913, -73.500177)"
BROOME DDSO,ACHIEVE (DBA),125 CUTLER POND ROAD,,BINGHAMTON,NY,13905,607-723-8361,BROOME,http://www.achieveny.org,N,Y,N,N,Y,N,N,N,Y,N,Y,Y,Y,Y,N,N,"125 CUTLER POND ROAD
BINGHAMTON, NY 13905
(42.130435, -75.911633)"
BROOME DDSO,SOUTHERN TIER INDEPENDENCE CTR (STIC),135 EAST FREDERICK STREET,,BINGHAMTON,NY,13904,607-724-2111,BROOME,http://www.stic-cil.org,N,N,N,N,Y,N,N,N,N,N,N,Y,Y,Y,N,N,"135 EAST FREDERICK STREET
BINGHAMTON, NY 13904
(42.111349, -75.890026)"
HUDSON VALLEY DDSO,AMIC  INC.,480 ALBANY POST ROAD,,BRIARCLIFF MANOR,NY,10510,914-941-9513,WESTCHESTER,http://wwwclearviewschool.org,N,Y,N,N,Y,N,N,N,Y,N,N,N,Y,N,N,N,"480 ALBANY POST ROAD
BRIARCLIFF MANOR, NY 10510
(41.130563, -73.860992)"
METRO NEW YORK DDSO,ALLCARE PROVIDER SERVICES  INC,3040 EAST TREMONT AVENUE,ROOM 205,BRONX,NY,10461,877-391-0977,BRONX,http://allcareps.com,N,N,N,N,Y,N,N,N,N,N,N,N,N,N,N,N,"3040 EAST TREMONT AVENUE
BRONX, NY 10461
(40.839579, -73.836762)"
METRO NEW YORK DDSO,ANGELS UNAWARE  INC.,1375 NELSON AVENUE,,BRONX,NY,10452,718-410-7406,BRONX,,N,Y,N,N,Y,N,N,N,Y,N,N,N,Y,Y,N,N,"1375 NELSON AVENUE
BRONX, NY 10452
(40.841232, -73.922867)"
METRO NEW YORK DDSO,HARRIS HANDS COMMUNITY SERVICES  INC.,3439 BRUCKNER BLVD,,BRONX,NY,10461,718-766-9289,BRONX,http://harrishands.org,N,N,N,N,Y,N,N,N,Y,N,N,N,Y,Y,N,N,"3439 BRUCKNER BLVD
BRONX, NY 10461
(40.846577, -73.82667)"
METRO NEW YORK DDSO,HELP ON THE WAY  INC.,1338 SOUTHERN BOULEVARD,,BRONX,NY,10459,718-484-7810,BRONX,,N,N,N,N,Y,N,N,N,Y,N,N,N,Y,Y,N,N,"1338 SOUTHERN BOULEVARD
BRONX, NY 10459
(40.831965, -73.89108)"
METRO NEW YORK DDSO,SOUTHEAST BRONX NEIGHBORHOOD CENTER  INC,955 TINTON AVENUE,,BRONX,NY,10456,718-542-2727,BRONX,http://www.sebnc.org,N,Y,N,N,Y,N,N,N,Y,N,N,N,Y,Y,N,N,"955 TINTON AVENUE
BRONX, NY 10456
(40.823246, -73.902931)"
METRO NEW YORK DDSO,SPECIAL CITIZENS FUTURES UNLIMITED  INC.,1775 GRAND CONCOURSE,4TH FLOOR,BRONX,NY,10453,212-643-2663,BRONX,http://www.specialcitizens.org,N,Y,N,N,Y,N,N,N,Y,N,N,N,Y,Y,N,N,"1775 GRAND CONCOURSE
BRONX, NY 10453
(40.846248, -73.909908)"
METRO NEW YORK DDSO,UNIQUE LIFE  INC.,2197 NEW ENGLAND THRUWAY,,BRONX,NY,10475,347-449-7890,BRONX,http://www.uniquelifeinc.org,N,N,N,Y,Y,N,N,N,Y,N,N,N,Y,Y,N,N,
BROOKLYN DDSO,BROOKLYN COMMUNITY SERVICES (DBA),151 LAWRENCE STREET,,BROOKLYN,NY,11201,718-310-5600,KINGS,http://www.wearebcs.org,N,Y,N,N,Y,N,N,N,Y,N,Y,Y,Y,Y,N,N,"151 LAWRENCE STREET
BROOKLYN, NY 11201
(40.691415, -73.986288)"
BROOKLYN DDSO,CATHOLIC CHARITIES NEIGHBORHOOD SVCS INC,191 JORALEMON STREET,,BROOKLYN,NY,11201,718-722-6000,KINGS,http://www.ccbq.org,N,N,N,N,Y,N,N,N,N,N,N,N,Y,Y,N,N,"191 JORALEMON STREET
BROOKLYN, NY 11201
(40.692651, -73.991842)"
BROOKLYN DDSO,ELMY'S SPECIAL SERVICES  INC.,163 VANBUREN STREET,,BROOKLYN,NY,11221,718-789-7539,KINGS,http://www.elmysspecialservices.org,N,Y,N,N,Y,N,N,N,Y,N,N,N,Y,Y,N,N,"163 VANBUREN STREET
BROOKLYN, NY 11221
(40.69046, -73.939735)"
BROOKLYN DDSO,EVELYN DOUGLIN CTR SERV. PEOPLE IN NEED,241 37TH STREET,SUITE 604,BROOKLYN,NY,11232,718-965-1998,KINGS,,Y,Y,N,N,Y,N,N,N,N,N,N,Y,Y,Y,N,N,"241 37TH STREET
BROOKLYN, NY 11232
(40.655872, -74.008554)"
BROOKLYN DDSO,FEDERATION OF MULTICULTURAL PROGRAM  INC,2 VAN SINDEREN AVENUE,2ND FLOOR,BROOKLYN,NY,11207,718-345-9500,KINGS,,N,N,N,N,Y,N,N,N,N,N,N,N,N,N,N,N,"2 VAN SINDEREN AVENUE
BROOKLYN, NY 11207
(40.678869, -73.90348)"
BROOKLYN DDSO,GUILD FOR THE EXCEPTIONAL CHILDREN  INC.,260 68TH STREET,,BROOKLYN,NY,11220,718-833-6633,KINGS,http://www.gecbklyn.org,Y,Y,N,N,Y,N,N,N,Y,N,Y,N,Y,Y,N,N,"260 68TH STREET
BROOKLYN, NY 11220
(40.636923, -74.026505)"
BROOKLYN DDSO,HAMASPIK OF KINGS COUNTY  INC.,4102 14TH AVENUE,,BROOKLYN,NY,11219,718-387-8400,KINGS,http://www.hamaspikkings.org,N,Y,Y,Y,Y,N,N,N,Y,N,Y,N,Y,Y,N,N,"4102 14TH AVENUE
BROOKLYN, NY 11219
(40.638074, -73.985368)"
BROOKLYN DDSO,HASC CENTER  INC.,5601 FIRST AVENUE,,BROOKLYN,NY,11220,718-745-7575,KINGS,http://www.hasc.net/,N,Y,N,Y,Y,N,N,N,Y,Y,Y,Y,Y,Y,N,N,"5601 FIRST AVENUE
BROOKLYN, NY 11220
(40.646842, -74.022845)"
BROOKLYN DDSO,HEARTSHARE HUMAN SERVICES OF NEW YORK,12 METRO TECH CENTER,29TH FLR,BROOKLYN,NY,11201,718-422-4200,KINGS,http://www.heartshare.org,Y,Y,N,N,Y,N,N,N,Y,N,Y,Y,Y,Y,N,N,"12 METRO TECH CENTER
BROOKLYN, NY 11201
(40.69371, -73.987102)"
BROOKLYN DDSO,HEBREW ACADEMY FOR SPECIAL CHILDREN INC,1318 60TH STREET,,BROOKLYN,NY,11219,718-686-5900,KINGS,http://www.hasc.net,N,N,N,N,Y,N,N,N,N,N,N,N,N,Y,N,N,"1318 60TH STREET
BROOKLYN, NY 11219
(40.628532, -73.998028)"
BROOKLYN DDSO,HUMAN CARE SVCS FOR FAMILIES & CHILDREN,1042 38TH STREET,,BROOKLYN,NY,11219,718-854-2747,KINGS,http://www.humancareservices.org,N,Y,N,N,Y,N,N,N,Y,N,Y,N,Y,Y,N,N,"1042 38TH STREET
BROOKLYN, NY 11219
(40.644417, -73.991071)"
BROOKLYN DDSO,LONG LIFE INFO & REFERRAL NETWORK,1958 FULTON STREET,3RD FLOOR,BROOKLYN,NY,11233,718-778-0009,KINGS,,N,N,N,N,Y,N,N,N,Y,N,N,Y,Y,Y,N,N,"1958 FULTON STREET
BROOKLYN, NY 11233
(40.678776, -73.919919)"
BROOKLYN DDSO,PROGRAM DEVELOPMENT SERVICES,6916 NEW UTRECHT AVENUE,,BROOKLYN,NY,11228,718-256-2212,KINGS,http://www.4pds.org,Y,Y,N,N,Y,N,N,N,Y,N,N,N,Y,N,N,N,"6916 NEW UTRECHT AVENUE
BROOKLYN, NY 11228
(40.620071, -73.99872)"
BROOKLYN DDSO,QUALITY SERVICES BEYOND COMPLIANCE,1012 GATES AVENUE,2ND FLOOR,BROOKLYN,NY,11221,516-280-9361,KINGS,,N,N,N,N,Y,N,N,N,Y,N,N,Y,Y,Y,N,N,"1012 GATES AVENUE
BROOKLYN, NY 11221
(40.689393, -73.923036)"
BROOKLYN DDSO,WOMEN'S LEAGUE COM. RESIDENCES,1556 38TH STREET,,BROOKLYN,NY,11218,718-853-0900,KINGS,http://www.womensleague.org,Y,Y,N,N,Y,N,N,N,Y,N,N,Y,Y,Y,N,N,"1556 38TH STREET
BROOKLYN, NY 11218
(40.637688, -73.979957)"
LONG ISLAND DDSO,NASSAU CO. NYSARC  INC.,189 WHEATLEY ROAD,,BROOKVILLE,NY,11545,516-626-1000,NASSAU,http://www.ahrc.org/,N,Y,N,N,Y,N,N,N,Y,N,Y,Y,Y,Y,N,N,"189 WHEATLEY ROAD
BROOKVILLE, NY 11545
(40.807983, -73.579852)"
WESTERN NEW YORK DDSO,COMMUNITY SERVICES FOR EVERY1  INC.,180 OAK STREET,,BUFFALO,NY,14203,716-883-8888,ERIE,http://www.csevery1.com,N,Y,N,Y,Y,Y,N,N,Y,N,Y,Y,Y,Y,N,N,"180 OAK STREET
BUFFALO, NY 14203
(42.886543, -78.870299)"
WESTERN NEW YORK DDSO,WNY INDEPENDENT LIVING  INC.,3108 MAIN STREET,,BUFFALO,NY,14214,716-836-0822,ERIE,http://www.wnyil.org,N,N,N,N,Y,N,N,N,N,N,N,N,N,Y,N,N,"3108 MAIN STREET
BUFFALO, NY 14214
(42.949351, -78.827952)"
SUNMOUNT DDSO,UCPA OF THE NORTH COUNTRY,4 COMMERCE LANE,,CANTON,NY,13617,315-379-9667,ST. LAWRENC,http://www.cpnorthcountry.org,N,Y,N,N,Y,N,N,N,Y,N,N,Y,Y,Y,N,N,"4 COMMERCE LANE
CANTON, NY 13617
(44.589292, -75.177921)"
HUDSON VALLEY DDSO,ABILITY BEYOND DISABILITY,480 BEDFORD ROAD,,CHAPPAQUA,NY,10514,914-242-8720,WESTCHESTER,http://www.abilitybeyonddisability.org,N,Y,N,N,Y,N,N,N,Y,N,N,Y,Y,Y,N,N,"480 BEDFORD ROAD
CHAPPAQUA, NY 10514
(41.177688, -73.750676)"
HUDSON VALLEY DDSO,YEDEI CHESED  INC.,48 SCOTLAND HILL ROAD,,CHESTNUT RIDGE,NY,10977,845-425-0887,ROCKLAND,http://www.yedeichesed.org,N,Y,Y,Y,Y,N,N,N,Y,N,Y,Y,Y,Y,N,N,"48 SCOTLAND HILL ROAD
CHESTNUT RIDGE, NY 10977
(41.098178, -74.042075)"
BERNARD M. FINESON DDSO,AABR  INC.,15-08 COLLEGE POINT BOULEVARD,P.O. BOX 560247,COLLEGE POINT,NY,11356,718-321-3800,QUEENS,http://www.aabr.org,Y,Y,N,N,Y,N,N,N,Y,N,N,Y,Y,Y,N,N,"15-08 COLLEGE POINT BOULEVARD
COLLEGE POINT, NY 11356
(40.783975, -73.845813)"
LONG ISLAND DDSO,0227 - LONG ISLAND DDSO,45 MALL DRIVE,,COMMACK,NY,11725,516-493-1700,SUFFOLK,,N,Y,Y,N,Y,N,N,N,Y,N,N,N,N,Y,N,N,"45 MALL DRIVE
COMMACK, NY 11725
(40.814758, -73.272492)"
HUDSON VALLEY DDSO,ROCKLAND CO. NYSARC  INC.,25 HEMLOCK DRIVE,,CONGERS,NY,10920,845-267-2500,ROCKLAND,http://www.arcofrockland.org,N,Y,N,N,Y,N,N,Y,Y,N,Y,Y,Y,Y,N,N,"25 HEMLOCK DRIVE
CONGERS, NY 10920
(41.164047, -73.934731)"
CENTRAL NEW YORK DDSO,J. M. MURRAY CENTER  INC.,823 NYS RT 13,,CORTLAND,NY,13045,607-756-9913,CORTLAND,http://www.jmmurray.com,N,N,N,Y,Y,N,N,N,Y,N,Y,Y,Y,Y,N,N,
CENTRAL NEW YORK DDSO,LAUNCH,212 EAST MANLIUS STREET,,EAST SYRACUSE,NY,13057,315-432-0665,ONONDAGA,http://www.launchcny.org,N,N,N,N,Y,N,N,N,N,N,Y,Y,Y,Y,N,N,"212 EAST MANLIUS STREET
EAST SYRACUSE, NY 13057
(43.063863, -76.068261)"
WESTERN NEW YORK DDSO,SASI,960 WEST MAPLE COURT,,ELMA,NY,14059,716-805-1555,ERIE,http://www.sasinc.org,N,Y,N,N,Y,N,N,N,Y,N,Y,Y,Y,Y,N,N,"960 WEST MAPLE COURT
ELMA, NY 14059
(42.794308, -78.624603)"
FINGER LAKES DDSO,CHEMUNG CO. NYSARC  INC.,711 SULLIVAN STREET,,ELMIRA,NY,14901,607-734-6151,CHEMUNG,http://www.chemungarc.org,Y,Y,N,N,Y,N,N,N,Y,N,Y,Y,Y,Y,N,N,"711 SULLIVAN STREET
ELMIRA, NY 14901
(42.100971, -76.797753)"
LONG ISLAND DDSO,CENTER FOR FAMILY SUPPORT  INC. (THE),110 JERICHO TURNPIKE,SUITE 103,FLORAL PARK,NY,11001,516-292-3000,NASSAU,http://www.cfsny.org,N,N,N,N,Y,N,N,N,N,N,N,N,Y,Y,N,N,"110 JERICHO TURNPIKE
FLORAL PARK, NY 11001
(40.727853, -73.707291)"
BERNARD M. FINESON DDSO,WELLLIFE NETWORK  INC.,142-02 20TH AVENUE,3RD FLOOR,FLUSHING,NY,11351,718-445-4700,QUEENS,,Y,Y,N,N,Y,Y,N,N,Y,N,N,N,Y,Y,N,N,"142-02 20TH AVENUE
FLUSHING, NY 11351
(40.781664, -73.828216)"
CENTRAL NEW YORK DDSO,OSWEGO COUNTY NYSARC  INC,7 MORRILL PLACE,,FULTON,NY,13069,315-598-3108,OSWEGO,http://www.nysarc.org,N,N,N,N,Y,N,N,N,Y,N,N,N,Y,Y,N,N,"7 MORRILL PLACE
FULTON, NY 13069
(43.320347, -76.430125)"
CENTRAL NEW YORK DDSO,OSWEGO COUNTY OPPORTUNITIES  INC.,239 ONEIDA STREET,,FULTON,NY,13069,315-598-4710,OSWEGO,http://www.oco.org/,N,Y,N,Y,Y,N,N,N,Y,N,N,N,Y,Y,N,N,"239 ONEIDA STREET
FULTON, NY 13069
(43.325299, -76.415095)"
LONG ISLAND DDSO,LIFE'S W.O.R.C.  INC.,1501 FRANKLIN AVENUE,PO BOX 8165,GARDEN CITY,NY,11530,516-741-9000,NASSAU,http://www.lifesworc.org,N,Y,N,N,Y,N,N,N,Y,N,Y,Y,Y,Y,N,N,"1501 FRANKLIN AVENUE
GARDEN CITY, NY 11530
(40.737306, -73.638604)"
WESTERN NEW YORK DDSO,ASPIRE OF WESTERN NEW YORK,2356 NORTH FOREST ROAD,,GETZVILLE,NY,14068,716-505-5500,ERIE,http://www.aspirewny.org,N,Y,N,Y,Y,N,N,N,Y,N,Y,Y,Y,Y,N,N,"2356 NORTH FOREST ROAD
GETZVILLE, NY 14068
(43.009087, -78.775811)"
LONG ISLAND DDSO,SCO FAMILY OF SERVICES,1 ALEXANDER PLACE,,GLEN COVE,NY,11542,516-759-1844,NASSAU,http://www.sco.org,N,Y,Y,N,Y,N,N,N,Y,N,N,N,Y,Y,N,N,"1 ALEXANDER PLACE
GLEN COVE, NY 11542
(40.857623, -73.61855)"
LONG ISLAND DDSO,CITIZENS OPTIONS UNLIMITED  INC.,189 WHEATLEY ROAD,,GLEN HEAD,NY,11545,516-626-1000,NASSAU,https://www.ahrcfoundation.org,Y,Y,N,Y,Y,N,N,N,N,N,N,N,Y,Y,N,N,"189 WHEATLEY ROAD
GLEN HEAD, NY 11545
(40.807983, -73.579852)"
CAPITAL DISTRICT DDSO,COMMUNITY WORK AND INDEPENDENCE INC,37 EVERTS AVENUE,PO BOX 303,GLENS FALLS,NY,12801,518-793-4700,WARREN,http://www.cwinc.org,N,Y,N,N,Y,N,N,N,Y,N,Y,Y,Y,Y,N,N,"37 EVERTS AVENUE
GLENS FALLS, NY 12801
(43.326141, -73.646456)"
CAPITAL DISTRICT DDSO,FULTON CO. NYSARC  INC.,127 EAST STATE STREET,,GLOVERSVILLE,NY,12078,518-773-7931,FULTON,http://www.lexingtoncenter.org,N,Y,Y,Y,Y,N,N,N,Y,N,Y,Y,Y,Y,N,N,"127 EAST STATE STREET
GLOVERSVILLE, NY 12078
(43.068414, -74.326916)"
HUDSON VALLEY DDSO,ORANGE CO UCPA (DBA INSPIRE),2 FLETCHER STREET,,GOSHEN,NY,10924,845-294-7300,ORANGE,http://www.inspirecp.org,N,N,N,N,Y,N,N,N,Y,N,Y,Y,Y,Y,N,N,"2 FLETCHER STREET
GOSHEN, NY 10924
(41.404006, -74.335596)"
CAPITAL DISTRICT DDSO,BATTENKILL COMMUNITY SERVICES  INC.,2549 STATE ROUTE 40,,GREENWICH,NY,12834,518-692-2819,WASHINGTON,http://www.battenkill.org,N,N,N,N,Y,N,N,N,Y,N,N,Y,Y,Y,N,N,"2549 STATE ROUTE 40
GREENWICH, NY 12834
(43.106415, -73.517901)"
LONG ISLAND DDSO,HEAD INJURY ASSOCIATION  INC.,300 KENNEDY DRIVE,,HAUPPAUGE,NY,11788,631-543-2245,SUFFOLK,http://www.headinjuryassoc.org,N,Y,N,N,Y,N,N,N,Y,N,N,Y,Y,Y,N,N,"300 KENNEDY DRIVE
HAUPPAUGE, NY 11788
(40.81096, -73.244963)"
LONG ISLAND DDSO,UCPA OF GREATER SUFFOLK  INC,250 MARCUS BLVD,,HAUPPAUGE,NY,11788,631-232-0011,SUFFOLK,http://www.ucp-suffolk.org,Y,Y,N,N,Y,N,Y,N,Y,N,N,Y,Y,Y,N,N,"250 MARCUS BLVD
HAUPPAUGE, NY 11788
(40.818355, -73.24772)"
HUDSON VALLEY DDSO,WESTCHESTER CO. NYSARC  INC.,265 SAW MILL RIVER ROAD,,HAWTHORNE,NY,10532,914-428-8330,WESTCHESTER,http://www.westchesterarc.org,Y,Y,N,N,Y,Y,N,N,Y,Y,Y,Y,Y,Y,N,N,"265 SAW MILL RIVER ROAD
HAWTHORNE, NY 10532
(41.102485, -73.808)"
HUDSON VALLEY DDSO,ABBOTT HOUSE,100 NORTH BROADWAY,,IRVINGTON,NY,10533,914-591-7300,WESTCHESTER,http://www.abbotthouse.net,Y,Y,N,N,Y,N,N,N,Y,N,Y,Y,Y,Y,N,N,"100 NORTH BROADWAY
IRVINGTON, NY 10533
(41.045682, -73.862208)"
WESTERN NEW YORK DDSO,THE RESOURCE CENTER,200 DUNHAM AVENUE,,JAMESTOWN,NY,14701,716-483-2344,CHAUTAUQUA,http://resourcecenter.org/,Y,Y,Y,Y,Y,N,N,N,Y,N,Y,Y,Y,Y,N,N,"200 DUNHAM AVENUE
JAMESTOWN, NY 14701
(42.102135, -79.283487)"
BROOME DDSO,HANDICAPPED CHILDREN'S ASSN.,18 BROAD STREET,,JOHNSON CITY,NY,13790,607-798-7117,BROOME,http://www.hcaserves.com,N,Y,N,Y,Y,N,N,N,Y,N,N,Y,Y,Y,N,N,"18 BROAD STREET
JOHNSON CITY, NY 13790
(42.114856, -75.955987)"
WESTERN NEW YORK DDSO,LEARNING DIS. ASSN OF WNY,2555 ELMWOOD AVENUE,,KENMORE,NY,14217,716-874-7200,ERIE,http://www.ldaofwny.org,N,Y,N,N,Y,N,N,N,Y,N,Y,Y,Y,N,N,N,"2555 ELMWOOD AVENUE
KENMORE, NY 14217
(42.966896, -78.87873)"
TACONIC DDSO,RESOURCE CTR F/ACCESSIBLE LIVING  INC.,727 ULSTER AVENUE,,KINGSTON,NY,12401,845-331-0541,ULSTER,http://www.rcal.org,N,N,N,N,Y,N,N,N,N,N,Y,Y,Y,Y,N,N,"727 ULSTER AVENUE
KINGSTON, NY 12401
(41.949793, -73.994399)"
TACONIC DDSO,THE ARC MID-HUDSON,471 ALBANY AVENUE,,KINGSTON,NY,12401,845-331-4300,ULSTER,http://www.ulster-greenearc.org,Y,Y,N,Y,Y,N,N,N,Y,N,Y,Y,Y,Y,N,N,"471 ALBANY AVENUE
KINGSTON, NY 12401
(41.941892, -73.999345)"
WESTERN NEW YORK DDSO,OLV HUMAN SERVICES (DBA),790 RIDGE ROAD,,LACKAWANNA,NY,14218,716-828-9500,ERIE,http://www.bakervictoryservices.org,N,Y,N,N,Y,N,N,N,N,N,N,Y,N,Y,N,N,"790 RIDGE ROAD
LACKAWANNA, NY 14218
(42.826184, -78.820737)"
TACONIC DDSO,UCP OF ULSTER CO. INC.,250 TUYTENBRIDGE ROAD,,LAKE KATRINE,NY,12449,845-336-7235,ULSTER,http://www.cpulster.org,Y,Y,N,N,Y,N,N,N,Y,N,N,N,Y,Y,N,N,"250 TUYTENBRIDGE ROAD
LAKE KATRINE, NY 12449
(41.985431, -73.986453)"
TACONIC DDSO,COARC,630 ROUTE 217,P.O. BOX 2,MELLENVILLE,NY,12544,518-672-4451,COLUMBIA,http://www.coarc.org,N,Y,N,Y,Y,N,N,N,Y,N,Y,Y,Y,Y,N,N,"630 ROUTE 217
MELLENVILLE, NY 12544
(42.251384, -73.670515)"
HUDSON VALLEY DDSO,ACCESS: SUPPORTS FOR LIVING  INC.,15 FORTUNE ROAD WEST,,MIDDLETOWN,NY,10941,845-692-4454,ORANGE,http://www.accesssupports.org,N,Y,N,Y,Y,N,N,N,Y,Y,Y,Y,Y,Y,N,N,"15 FORTUNE ROAD WEST
MIDDLETOWN, NY 10941
(41.474126, -74.37224)"
HUDSON VALLEY DDSO,CRYSTAL RUN VILLAGE  INC.,420 SCHUTT ROAD EXTENSION,,MIDDLETOWN,NY,10940,845-692-4444,ORANGE,http://www.crvi.org/srvccoordination.asp,N,Y,N,N,Y,N,N,N,Y,N,N,Y,Y,Y,N,N,"420 SCHUTT ROAD EXTENSION
MIDDLETOWN, NY 10940
(41.447248, -74.386417)"
HUDSON VALLEY DDSO,MENTAL HEALTH ASSOC. IN ORANGE CO.,73 COUNTY HIGHWAY 108,,MIDDLETOWN,NY,10940,845-342-2400,ORANGE,http://www.mhaorangeny.com,N,N,N,N,Y,N,N,N,N,N,N,N,Y,Y,N,N,"73 COUNTY HIGHWAY 108
MIDDLETOWN, NY 10940
(41.42459, -74.433134)"
LONG ISLAND DDSO,MILL NECK SERVICES  INC.,FROST MILL ROAD,BOX 193,MILL NECK,NY,11765,516-922-3818,NASSAU,,N,N,N,N,Y,N,N,N,Y,N,N,Y,Y,Y,N,N,
HUDSON VALLEY DDSO,CHEMLU DEVELOP DISABILITY CTR INC.,2 GARFIELD ROAD,SUITE 201,MONROE,NY,10950,845-774-4444,ORANGE,,N,N,N,N,Y,N,N,N,Y,N,N,N,Y,Y,N,N,"2 GARFIELD ROAD
MONROE, NY 10950
(41.339262, -74.169925)"
HUDSON VALLEY DDSO,HAMASPIK OF ORANGE CO  INC.,1  HAMASPIK WAY,3RD FLOOR,MONROE,NY,10950,845-774-8400,ORANGE,http://www.hamaspikorange.org,N,Y,Y,Y,Y,N,N,N,Y,N,Y,Y,Y,Y,N,N,"1  HAMASPIK WAY
MONROE, NY 10950
(41.335349, -74.160592)"
HUDSON VALLEY DDSO,RAYIM OF HUDSON VALLEY  INC.,2 VANBUREN DRIVE,,MONROE,NY,10950,845-782-7700,ORANGE,,N,Y,Y,Y,Y,N,N,N,Y,N,N,N,Y,Y,N,N,"2 VANBUREN DRIVE
MONROE, NY 10950
(41.339209, -74.170345)"
HUDSON VALLEY DDSO,HAMASPIK OF ROCKLAND COUNTY  INC,58 ROUTE 59,SUITE 1,MONSEY,NY,10952,845-356-8400,ROCKLAND,http://www.hamaspikrockland.org,N,Y,Y,Y,Y,N,N,N,Y,N,Y,Y,Y,Y,N,N,"58 ROUTE 59
MONSEY, NY 10952
(41.107773, -74.064687)"
HUDSON VALLEY DDSO,NYSARC INC  SULLIVAN-ORANGE COUNTIES CH,162 EAST BROADWAY,,MONTICELLO,NY,12701,845-796-1350,SULLIVAN,http://www.sullivanarc.org,N,Y,N,N,Y,N,N,Y,Y,N,Y,Y,Y,Y,N,N,"162 EAST BROADWAY
MONTICELLO, NY 12701
(41.648415, -74.661771)"
HUDSON VALLEY DDSO,COMMUNITY LIVING CORPORATION,135 RADIO CIRCLE DRIVE,,MT. KISCO,NY,10549,914-241-2527,WESTCHESTER,http://www.communityliving.org,N,Y,N,N,Y,N,N,N,Y,N,N,Y,Y,N,N,N,"135 RADIO CIRCLE DRIVE
MT. KISCO, NY 10549
(41.192342, -73.7397)"
FINGER LAKES DDSO,LIVINGSTON/WYOMING CO. NYSARC,18 MAIN STREET,,MT. MORRIS,NY,14510,585-658-2828,LIVINGSTON,http://www.lwarc.org,N,Y,N,Y,Y,N,N,N,Y,Y,Y,Y,Y,Y,N,N,"18 MAIN STREET
MT. MORRIS, NY 14510
(42.726855, -77.87478)"
HUDSON VALLEY DDSO,CAMP VENTURE  INC.,25 SMITH STREET,SUITE 510,NANUET,NY,10954,845-624-3860,ROCKLAND,http://www.campventure.org,N,Y,N,N,Y,N,N,N,Y,N,Y,Y,Y,Y,N,N,"25 SMITH STREET
NANUET, NY 10954
(41.095622, -73.999029)"
FINGER LAKES DDSO,WAYNE CO. NYSARC  INC.,150 VAN BUREN STREET,,NEWARK,NY,14513,315-331-7741,WAYNE,http://www.waynearc.org,N,Y,N,N,Y,N,N,N,Y,Y,Y,Y,Y,Y,N,N,"150 VAN BUREN STREET
NEWARK, NY 14513
(43.047951, -77.093385)"
HUDSON VALLEY DDSO,INDEPENDENT HOME CARE  INC.,5 WASHINGTON TERRACE,,NEWBURGH,NY,12550,845-565-1162,ORANGE,,N,N,N,N,Y,N,N,N,N,N,N,N,N,N,N,N,"5 WASHINGTON TERRACE
NEWBURGH, NY 12550
(41.499615, -74.027458)"
HUDSON VALLEY DDSO,JAWONIO  INC.,260 NORTH LITTLE TOR ROAD,,NEW CITY,NY,10956,845-634-4648,ROCKLAND,http://www.jawonio.org,N,N,N,N,Y,N,N,Y,Y,Y,Y,Y,N,Y,N,N,"260 NORTH LITTLE TOR ROAD
NEW CITY, NY 10956
(41.163222, -74.004877)"
METRO NEW YORK DDSO,ADAPT COMMUNITY NETWORK (DBA),80 MAIDEN LANE,8TH FLOOR,NEW YORK,NY,10038,212-683-6700,NEW YORK,http://www.ucpnyc.org,Y,Y,N,N,Y,N,N,N,Y,Y,N,Y,Y,Y,N,N,"80 MAIDEN LANE
NEW YORK, NY 10038
(40.707309, -74.007544)"
METRO NEW YORK DDSO,COMMUNITY OPTIONS NEW YORK  INC.,350 5TH AVENUE,SUITE 5230,NEW YORK,NY,10118,212-227-9110,NEW YORK,http://www.comop.org,N,Y,N,N,Y,N,N,N,Y,N,Y,Y,Y,N,N,N,"350 5TH AVENUE
NEW YORK, NY 10118
(40.748082, -73.984819)"
METRO NEW YORK DDSO,CONSTRUCTIVE PARTNERSHIPS UNLIMITED,40 RECTOR STREET,15TH FLOOR,NEW YORK,NY,10006,212-947-5770,NEW YORK,http://www.cpofnys.org,N,Y,N,N,Y,N,N,N,Y,N,Y,Y,Y,Y,N,N,"40 RECTOR STREET
NEW YORK, NY 10006
(40.708382, -74.014801)"
METRO NEW YORK DDSO,HUMAN FIRST  INC,80 MAIDEN LANE,8TH FLOOR,NEW YORK,NY,10038,516-823-9500,NEW YORK,http://www.humanfirst.us,N,Y,N,N,Y,N,N,N,Y,N,N,Y,Y,Y,N,N,"80 MAIDEN LANE
NEW YORK, NY 10038
(40.707309, -74.007544)"
METRO NEW YORK DDSO,JEWISH UNION FOUNDATION,11 BROADWAY,13TH FLOOR,NEW YORK,NY,10004,212-613-8104,NEW YORK,http://www.njcd.org/staff/jewishunionfoundation,N,N,N,N,Y,N,N,N,Y,N,N,Y,Y,N,N,N,"11 BROADWAY
NEW YORK, NY 10004
(40.705197, -74.013859)"
METRO NEW YORK DDSO,JOB PATH  INC.,256 W 38TH STREET,2ND FLOOR,NEW YORK,NY,10018,212-944-0564,NEW YORK,http://www.jobpathnyc.org,N,Y,N,Y,Y,Y,N,N,Y,N,N,Y,Y,Y,N,N,"256 W 38TH STREET
NEW YORK, NY 10018
(40.754333, -73.990718)"
METRO NEW YORK DDSO,LIFESPIRE  INC.,1 WHITEHALL STREET,9TH FLOOR,NEW YORK,NY,10004,212-741-0100,NEW YORK,http://www.lifespire.org,Y,Y,N,N,Y,N,N,N,Y,N,Y,Y,Y,Y,N,N,"1 WHITEHALL STREET
NEW YORK, NY 10004
(40.701836, -74.012668)"
METRO NEW YORK DDSO,NY FOUNDATION FOR SENIOR CITIZENS,150 NASSAU STREET,SUITE 1730,NEW YORK,NY,10038,,NEW YORK,http://www.nyfsc.org,N,N,N,N,Y,N,N,N,N,N,N,N,N,N,N,N,"150 NASSAU STREET
NEW YORK, NY 10038
(40.711527, -74.006074)"
METRO NEW YORK DDSO,NYS ARC NEW YORK CITY CHAPTER,83 MAIDEN LANE,,NEW YORK,NY,10038,212-780-2500,NEW YORK,http://www.ahrcnyc.org,Y,Y,N,Y,Y,Y,N,N,Y,N,Y,Y,Y,Y,N,N,"83 MAIDEN LANE
NEW YORK, NY 10038
(40.707424, -74.007628)"
METRO NEW YORK DDSO,PARTNERSHIP FOR INNOVATIVE COMPREHENSIVE,134 WEST 29TH STREET,12TH FLOOR,NEW YORK,NY,10001,212-480-9169,NEW YORK,,N,N,N,N,Y,N,N,N,N,N,N,N,Y,N,N,N,"134 WEST 29TH STREET
NEW YORK, NY 10001
(40.747298, -73.991584)"
METRO NEW YORK DDSO,QSAC  INC.,253 WEST 35TH STREET,14TH FLOOR,NEW YORK,NY,10001,212-244-5560,NEW YORK,http://www.qsac.com,N,Y,N,N,Y,N,N,N,Y,N,N,N,Y,Y,N,N,"253 WEST 35TH STREET
NEW YORK, NY 10001
(40.752513, -73.992134)"
METRO NEW YORK DDSO,SERVICES FOR THE UNDERSERVED  INC.,463 7TH AVENUE,17TH FLOOR,NEW YORK,NY,10018,212-633-6900,NEW YORK,http://sus.org,N,Y,N,N,Y,N,N,N,Y,N,N,N,Y,N,N,N,"463 7TH AVENUE
NEW YORK, NY 10018
(40.75182, -73.990024)"
METRO NEW YORK DDSO,SINERGIA,2082 LEXINGTON AVE,4TH FLOOR,NEW YORK,NY,10035,212-643-2840,NEW YORK,http://www.sinergiany.org,N,Y,Y,N,Y,N,N,N,Y,N,Y,Y,Y,Y,N,N,"2082 LEXINGTON AVE
NEW YORK, NY 10035
(40.804873, -73.93706)"
METRO NEW YORK DDSO,YAI - YOUNG ADULT INSTITUTE,220 EAST 42ND STREET,FLOOR 8,NEW YORK,NY,10017,212-563-7474,NEW YORK,http://www.yai.org,N,Y,N,N,Y,Y,N,N,Y,N,Y,Y,Y,Y,N,N,"220 EAST 42ND STREET
NEW YORK, NY 10017
(40.75012, -73.972927)"
WESTERN NEW YORK DDSO,EMPOWER (DBA),9812 LOCKPORT ROAD,,NIAGARA FALLS,NY,14304,716-297-0798,NIAGARA,http://www.niagaracp.org,Y,Y,N,N,Y,N,N,N,N,N,Y,Y,Y,Y,N,N,"9812 LOCKPORT ROAD
NIAGARA FALLS, NY 14304
(43.121254, -78.949667)"
HUDSON VALLEY DDSO,COMMUNITY BASED SERVICES  INC.,3 FIELDS LANE,,NORTH SALEM,NY,10560,914-277-4771,WESTCHESTER,http://www.commbasedservices.org,N,Y,N,N,Y,N,N,N,Y,N,Y,Y,Y,Y,N,N,"3 FIELDS LANE
NORTH SALEM, NY 10560
(41.349816, -73.646382)"
LONG ISLAND DDSO,FAMILY RESID AND ESSENT ENTERPRISES  INC,191 SWEET HOLLOW ROAD,,OLD BETHPAGE,NY,11804,631-273-1300,NASSAU,http://www.familyres.org,Y,Y,Y,Y,Y,N,Y,N,Y,N,Y,Y,Y,Y,N,N,"191 SWEET HOLLOW ROAD
OLD BETHPAGE, NY 11804
(40.761497, -73.442404)"
WESTERN NEW YORK DDSO,CATTARAUGUS REHABILITATION CENTER,1439 BUFFALO STREET,,OLEAN,NY,14760,716-375-4747,CATTARAUGUS,http://www.rehabcenter.org,N,N,N,N,Y,N,N,N,N,N,N,N,Y,N,N,N,"1439 BUFFALO STREET
OLEAN, NY 14760
(42.086785, -78.448017)"
WESTERN NEW YORK DDSO,NYSARC INC CATTARAUGUS-NIAGARA CNTY CHAP,1439 BUFFALO STREET,,OLEAN,NY,14760,716-375-4747,CATTARAUGUS,http://www.rehabcenter.org,Y,Y,Y,N,Y,N,N,N,Y,Y,Y,Y,Y,Y,N,N,"1439 BUFFALO STREET
OLEAN, NY 14760
(42.086785, -78.448017)"
BROOME DDSO,SPRINGBROOK NY  INC.,105 CAMPUS DRIVE,,ONEONTA,NY,13820,607-286-7171,OTSEGO,http://www.springbrookny.org,N,Y,N,Y,Y,N,N,N,Y,N,Y,Y,Y,Y,N,N,
LONG ISLAND DDSO,ECONOMIC OPPORTUNITY COUNCIL OF SUFFOLK,31 WEST MAIN STREET,SUITE 300,PATCHOGUE,NY,11772,631-289-2124,SUFFOLK,http://eoc-suffolk.com,N,N,N,Y,Y,N,N,N,Y,N,N,Y,Y,Y,N,N,"31 WEST MAIN STREET
PATCHOGUE, NY 11772
(40.765723, -73.015805)"
FINGER LAKES DDSO,YATES CO. NYSARC  INC.,235 NORTH AVENUE,,PENN YAN,NY,14527,315-536-7447,YATES,http://www.arcofyates.org,N,N,N,N,Y,N,N,N,Y,N,Y,Y,N,Y,N,N,"235 NORTH AVENUE
PENN YAN, NY 14527
(42.669681, -77.055909)"
SUNMOUNT DDSO,CLINTON CO. NYSARC  INC.,231 NEW YORK ROAD,,PLATTSBURGH,NY,12903,518-563-0930,CLINTON,http://www.cviarc.org,N,Y,N,Y,Y,N,N,N,Y,N,Y,Y,Y,Y,N,N,"231 NEW YORK ROAD
PLATTSBURGH, NY 12903
(44.670485, -73.45351)"
SUNMOUNT DDSO,MOUNTAIN LAKE SERVICES,10 ST. PATRICK'S PLACE,,PORT HENRY,NY,12974,518-546-3381,ESSEX,http://www.mountainlakeservices.org/contact-us/,N,Y,N,Y,Y,N,N,N,Y,N,Y,Y,Y,Y,N,N,"10 ST. PATRICK'S PLACE
PORT HENRY, NY 12974
(44.047943, -73.458435)"
TACONIC DDSO,ABILITIES FIRST  INC,70 OVEROCKER ROAD,,POUGHKEEPSIE,NY,12603,845-485-9803,DUTCHESS,http://www.abilitiesfirstny.org,N,Y,N,Y,Y,N,N,N,Y,N,Y,Y,Y,Y,N,N,"70 OVEROCKER ROAD
POUGHKEEPSIE, NY 12603
(41.693032, -73.881228)"
TACONIC DDSO,DUTCHESS CO. NYSARC  INC.,84 PATRICK LANE,,POUGHKEEPSIE,NY,12603,845-635-8084,DUTCHESS,http://dutchess-arc.org,N,Y,N,N,Y,N,N,N,Y,N,Y,Y,Y,Y,N,N,"84 PATRICK LANE
POUGHKEEPSIE, NY 12603
(41.680417, -73.860999)"
LONG ISLAND DDSO,MARYHAVEN CENTER OF HOPE  INC.,51 TERRYVILLE ROAD,,PT JEFFERSON STATION,NY,11776,631-474-4120,SUFFOLK,http://maryhaven.chsli.org,Y,Y,N,N,Y,N,N,N,Y,N,Y,Y,Y,Y,N,N,"51 TERRYVILLE ROAD
PT JEFFERSON STATION, NY 11776
(40.927237, -73.053109)"
CAPITAL DISTRICT DDSO,NYSARC - WARREN  WASHINGTON & ALBANY CTY,436 QUAKER ROAD,,QUEENSBURY,NY,12804,518-793-4204,WARREN,http://www.wwarc.org,N,Y,N,N,Y,N,N,N,Y,N,Y,Y,Y,Y,N,N,"436 QUAKER ROAD
QUEENSBURY, NY 12804
(43.330753, -73.634028)"
BERNARD M. FINESON DDSO,IRI: INNOVATIVE RES FOR INDEPEND  INC.,112-40 FRANCIS LEWIS BLVD,,QUEENS VILLAGE,NY,11429,718-805-6796,QUEENS,http://www.in-res.org,Y,Y,N,N,Y,N,N,N,Y,N,N,Y,Y,Y,N,N,"112-40 FRANCIS LEWIS BLVD
QUEENS VILLAGE, NY 11429
(40.703149, -73.749387)"
BERNARD M. FINESON DDSO,QUEENS PARENT RESOURCE CENTER  INC,112-40 FRANCIS LEWIS BLVD.,,QUEENS VILLAGE,NY,11429,347-947-6840,QUEENS,http://www.qprc.net,N,N,N,N,Y,N,N,N,N,N,N,N,N,N,N,N,"112-40 FRANCIS LEWIS BLVD.
QUEENS VILLAGE, NY 11429
(40.703149, -73.749387)"
LONG ISLAND DDSO,EAST END DISABILITY ASSOCIATES  INC.,107 ROANOKE AVENUE,,RIVERHEAD,NY,11901,631-369-7345,SUFFOLK,http://www.eed-a.org,N,Y,N,Y,Y,N,N,N,Y,N,Y,Y,Y,Y,N,N,"107 ROANOKE AVENUE
RIVERHEAD, NY 11901
(40.917221, -72.662235)"
FINGER LAKES DDSO,0263 - FINGER LAKES DDSO,620 WESTFALL ROAD,,ROCHESTER,NY,14620,585-461-8500,MONROE,,N,Y,Y,N,Y,N,N,N,Y,N,N,Y,N,N,N,N,"620 WESTFALL ROAD
ROCHESTER, NY 14620
(43.115081, -77.604962)"
FINGER LAKES DDSO,CATHOLIC CHARITIES OF ROCHESTER,1099 JAY STREET,BUILDING J,ROCHESTER,NY,14611,585-339-9800,MONROE,http://www.cccsrochester.org,N,Y,N,Y,Y,N,N,N,N,N,Y,Y,Y,Y,N,N,"1099 JAY STREET
ROCHESTER, NY 14611
(43.159364, -77.650727)"
FINGER LAKES DDSO,CENTER FOR DISABILITY RIGHTS  INC.,412 STATE STREET,,ROCHESTER,NY,14608,585-546-7510,MONROE,http://www.cdrnys.org,N,N,N,N,Y,N,N,N,Y,N,N,N,Y,Y,N,N,"412 STATE STREET
ROCHESTER, NY 14608
(43.162165, -77.620378)"
FINGER LAKES DDSO,CP ROCHESTER (DBA),3399 WINTON ROAD SOUTH,,ROCHESTER,NY,14623,585-334-6000,MONROE,http://www.cprochester.org,N,Y,N,N,Y,N,N,N,Y,N,N,N,Y,Y,N,N,"3399 WINTON ROAD SOUTH
ROCHESTER, NY 14623
(43.083914, -77.581922)"
FINGER LAKES DDSO,EPILEPSY-PRALID  INC.,2 TOWNLINE CIRCLE,,ROCHESTER,NY,14623,585-442-6420,MONROE,http://www.epiny.org,N,Y,N,Y,Y,N,N,N,Y,N,N,N,Y,Y,N,N,"2 TOWNLINE CIRCLE
ROCHESTER, NY 14623
(43.09573, -77.627759)"
FINGER LAKES DDSO,HERITAGE CHRISTIAN SERVICES  INC.,275 KENNETH DRIVE,SUITE 100,ROCHESTER,NY,14623,585-340-2000,MONROE,http://www.heritagechristianservices.org,N,Y,N,Y,Y,N,N,N,Y,N,Y,Y,Y,Y,N,N,"275 KENNETH DRIVE
ROCHESTER, NY 14623
(43.060531, -77.643387)"
FINGER LAKES DDSO,HILLSIDE CHILDREN'S CENTER,1183 MONROE AVENUE,,ROCHESTER,NY,14620,585-256-7500,MONROE,http://www.hillside.com,N,Y,N,N,Y,N,N,N,Y,N,Y,N,N,N,N,N,"1183 MONROE AVENUE
ROCHESTER, NY 14620
(43.138341, -77.579253)"
FINGER LAKES DDSO,LIFESPAN OF GREATER ROCHESTER  INC.,1900 SOUTH CLINTON AVENUE,,ROCHESTER,NY,14618,585-244-8400,MONROE,http://www.lifespan-roch.org,N,N,N,N,Y,Y,N,Y,Y,N,N,N,N,Y,N,N,"1900 SOUTH CLINTON AVENUE
ROCHESTER, NY 14618
(43.121047, -77.594889)"
FINGER LAKES DDSO,LIFETIME ASSISTANCE  INC.,425 PAUL ROAD,,ROCHESTER,NY,14624,585-426-4120,MONROE,http://www.lifetimeassistance.org,Y,Y,Y,Y,Y,N,N,N,Y,Y,Y,Y,Y,Y,N,N,"425 PAUL ROAD
ROCHESTER, NY 14624
(43.106818, -77.710574)"
FINGER LAKES DDSO,MONROE CO. NYSARC  INC.,2060 BRIGHTON HENRIETTA,TOWNLINE ROAD,ROCHESTER,NY,14623,585-271-0660,MONROE,http://www.arcmonroe.org,N,Y,N,Y,Y,N,Y,N,Y,Y,Y,Y,Y,Y,N,N,
FINGER LAKES DDSO,STARBRIDGE SERVICES  INC.,1650 SOUTH AVENUE,SUITE 200,ROCHESTER,NY,14620,585-263-3323,MONROE,http://www.ldagvi.org,N,Y,N,Y,Y,N,N,N,Y,N,Y,Y,Y,Y,N,N,"1650 SOUTH AVENUE
ROCHESTER, NY 14620
(43.124503, -77.614415)"
FINGER LAKES DDSO,URBAN LEAGUE OF ROCHESTER  N.Y.  INC.,265 NORTH CLINTON AVENUE,,ROCHESTER,NY,14605,585-325-6530,MONROE,http://www.ulr.org,N,N,Y,N,Y,N,N,N,Y,N,N,N,Y,Y,N,N,"265 NORTH CLINTON AVENUE
ROCHESTER, NY 14605
(43.162517, -77.608615)"
LONG ISLAND DDSO,UCPA OF NASSAU CO.  INC.,380 WASHINGTON AVENUE,,ROOSEVELT,NY,11575,516-378-2000,NASSAU,http://www.ucpn.org,Y,Y,N,N,Y,N,Y,N,Y,Y,N,Y,Y,Y,N,N,"380 WASHINGTON AVENUE
ROOSEVELT, NY 11575
(40.679607, -73.576153)"
BERNARD M. FINESON DDSO,SERENITY HUMAN SERVICES  INC.,133-33 BROOKVILLE BLVD,SUITE 213,ROSEDALE,NY,11422,718-526-6125,QUEENS,http://tendercareny.org,N,N,N,N,Y,N,N,N,Y,N,N,N,Y,Y,N,N,"133-33 BROOKVILLE BLVD
ROSEDALE, NY 11422
(40.674809, -73.732395)"
HUDSON VALLEY DDSO,CEREBRAL PALSY OF WESTCHESTER  INC.,1186 KING STREET,,RYE BROOK,NY,10573,914-937-3800,WESTCHESTER,http://www.cpwestchester.org,Y,Y,N,N,Y,Y,Y,N,Y,N,N,Y,Y,Y,N,N,
CAPITAL DISTRICT DDSO,AIM SERVICES  INC.,4227 ROUTE 50,,SARATOGA SPRINGS,NY,12866,518-587-3208,SARATOGA,http://www.aimservicesinc.org,N,Y,Y,Y,Y,N,N,N,Y,N,Y,Y,Y,Y,N,N,"4227 ROUTE 50
SARATOGA SPRINGS, NY 12866
(43.1218, -73.722774)"
CAPITAL DISTRICT DDSO,0260 - CAPITAL DISTRICT DDSO,500 BALLTOWN ROAD,,SCHENECTADY,NY,12304,518-370-7370,SCHENECTADY,,N,Y,Y,N,Y,N,N,N,Y,N,N,Y,N,Y,N,N,"500 BALLTOWN ROAD
SCHENECTADY, NY 12304
(42.779743, -73.893308)"
CAPITAL DISTRICT DDSO,SCHENECTADY CO. NYSARC  INC.,214 STATE STREET,,SCHENECTADY,NY,12305,518-372-1160,SCHENECTADY,http://www.areschenectady.org,N,Y,N,Y,Y,N,N,N,Y,N,Y,Y,Y,Y,N,N,"214 STATE STREET
SCHENECTADY, NY 12305
(42.814878, -73.945669)"
CAPITAL DISTRICT DDSO,WILDWOOD PROGRAMS  INC.,2995 CURRY ROAD EXT.,,SCHENECTADY,NY,12303,518-640-3367,SCHENECTADY,http://www.wildwood.edu,N,Y,N,N,Y,Y,N,N,Y,N,Y,Y,Y,Y,N,N,
TACONIC DDSO,ANDERSON CENTER SERVICES,4888 ROUTE 9,P.O. BOX 367,STAATSBURG,NY,12580,845-889-4034,DUTCHESS,https://www.andersoncenterforautism.org,N,Y,N,N,Y,N,N,N,Y,N,N,N,Y,Y,N,N,"4888 ROUTE 9
STAATSBURG, NY 12580
(41.826571, -73.934142)"
STATEN ISLAND DDSO,CROSSROADS UNLIMITED  INC.,1207 CASTLETON AVENUE,,STATEN ISLAND,NY,10310,718-420-6330,RICHMOND,http://crossroadsunlimitedinc.org,N,Y,N,N,Y,N,N,N,Y,N,N,N,Y,N,N,N,"1207 CASTLETON AVENUE
STATEN ISLAND, NY 10310
(40.634104, -74.122687)"
STATEN ISLAND DDSO,LIFESTYLES FOR THE DISABLED,930 WILLOWBROOK ROAD,BUILDING 12-G,STATEN ISLAND,NY,10314,718-983-5351,RICHMOND,http://www.lfdsi.org,N,N,N,Y,Y,N,N,N,Y,N,Y,Y,Y,Y,N,N,"930 WILLOWBROOK ROAD
STATEN ISLAND, NY 10314
(40.603381, -74.142013)"
STATEN ISLAND DDSO,MODEST COMMUNITY SERVICES ASSOCIATION,88 NEW DORP PLAZA,SUITE 202,STATEN ISLAND,NY,10306,718-447-8200,RICHMOND,http://modestservices.org,N,Y,N,N,Y,N,N,N,Y,N,N,N,Y,N,N,N,"88 NEW DORP PLAZA
STATEN ISLAND, NY 10306
(40.572961, -74.117684)"
STATEN ISLAND DDSO,N Y S INSTITUTE ON DISABILITY  INC.,930 WILLOWBROOK ROAD,BUILDING 41A,STATEN ISLAND,NY,10314,212-487-5316,RICHMOND,,N,N,N,N,Y,N,N,N,N,N,N,N,N,Y,N,N,"930 WILLOWBROOK ROAD
STATEN ISLAND, NY 10314
(40.603381, -74.142013)"
STATEN ISLAND DDSO,ON YOUR MARK  INC.,645 FOREST AVENUE,SUITE 2A,STATEN ISLAND,NY,10310,718-720-9233,RICHMOND,http://www.onyourmark.org,N,Y,N,N,Y,N,N,N,Y,N,N,Y,Y,Y,N,N,"645 FOREST AVENUE
STATEN ISLAND, NY 10310
(40.629811, -74.110533)"
STATEN ISLAND DDSO,PERSON CENTERED CARE SERVICES  INC.,150 GRANITE AVENUE,,STATEN ISLAND,NY,10303,718-370-1088,RICHMOND,http://www.pccsny.org,N,Y,N,Y,Y,N,N,N,Y,N,Y,Y,Y,Y,N,N,"150 GRANITE AVENUE
STATEN ISLAND, NY 10303
(40.633388, -74.14832)"
STATEN ISLAND DDSO,THE GOOD SHEPHARD,89 ARLINGTON AVENUE,,STATEN ISLAND,NY,10303,917-678-3510,RICHMOND,http://www.thegoodshephard.com,N,N,N,N,Y,N,N,N,Y,N,N,N,Y,Y,N,N,"89 ARLINGTON AVENUE
STATEN ISLAND, NY 10303
(40.638138, -74.167423)"
TACONIC DDSO,KELI HOUSE COMMUNITY SERVICES  INC.,184 ROUTE 216,,STORMVILLE,NY,12582,845-226-1246,DUTCHESS,http://www.kelihouse.com,N,N,N,N,Y,N,N,N,Y,N,N,N,Y,Y,N,N,"184 ROUTE 216
STORMVILLE, NY 12582
(41.570995, -73.747664)"
CENTRAL NEW YORK DDSO,ACCESSCNY INC,1603 COURT STREET,,SYRACUSE,NY,13208,315-455-7591,ONONDAGA,http://www.accesscny.org,N,Y,N,Y,Y,Y,N,N,Y,N,N,Y,Y,Y,N,N,"1603 COURT STREET
SYRACUSE, NY 13208
(43.078766, -76.145639)"
CENTRAL NEW YORK DDSO,COVENANT HOUSING CORP OF CNY,1228 TEALL AVENUE,SUITE 102,SYRACUSE,NY,13206,315-834-2420,ONONDAGA,,N,N,N,N,Y,N,N,N,N,N,N,N,N,N,N,N,"1228 TEALL AVENUE
SYRACUSE, NY 13206
(43.063819, -76.1226)"
CENTRAL NEW YORK DDSO,ONONDAGA COMMUNITY LIVING,518 JAMES STREET,SUITE 110,SYRACUSE,NY,13203,315-434-9597,ONONDAGA,http://www.oclinc.org,N,N,N,Y,Y,N,N,N,N,N,Y,Y,Y,Y,N,N,"518 JAMES STREET
SYRACUSE, NY 13203
(43.054018, -76.145098)"
CENTRAL NEW YORK DDSO,ONONDAGA CO. NYSARC  INC.,600 SOUTH WILBUR AVENUE,,SYRACUSE,NY,13204,315-476-7441,ONONDAGA,http://www.arcon.org,N,Y,N,N,Y,N,N,N,Y,N,Y,Y,Y,Y,N,N,"600 SOUTH WILBUR AVENUE
SYRACUSE, NY 13204
(43.044299, -76.17582)"
CAPITAL DISTRICT DDSO,NYS ARC RENSSELAER COUNTY CHAPTER,79 102ND STREET,,TROY,NY,12180,518-274-3110,RENSSELAER,http://www.renarc.org/,N,Y,N,Y,Y,N,N,N,Y,Y,Y,Y,Y,Y,N,N,"79 102ND STREET
TROY, NY 12180
(42.755919, -73.676101)"
SUNMOUNT DDSO,THE ADIRONDACK ARC,12 MOHAWK STREET,,TUPPER LAKE,NY,12986,518-359-3351,FRANKLIN,http://www.adirondackarc.org,N,Y,N,N,Y,N,N,N,Y,N,N,N,Y,Y,N,N,"12 MOHAWK STREET
TUPPER LAKE, NY 12986
(44.240815, -74.486639)"
CENTRAL NEW YORK DDSO,RESOURCE CTR F/INDEPENDENT LIVING  INC.,409 COLUMBIA STREET,P.O. BOX 210,UTICA,NY,13503,315-797-4642,ONEIDA,http://www.rcil.com,N,N,N,Y,Y,N,N,N,Y,N,N,Y,Y,Y,N,N,"409 COLUMBIA STREET
UTICA, NY 13503
(43.103024, -75.236302)"
CENTRAL NEW YORK DDSO,THE ARC (ONEIDA-LEWIS NYSARC CHAPTERS),245 GENESEE STREET,,UTICA,NY,13501,315-735-6477,ONEIDA,http://www.thearcolc.org,N,Y,N,Y,Y,N,N,N,Y,Y,Y,Y,Y,Y,N,N,"245 GENESEE STREET
UTICA, NY 13501
(43.100138, -75.233793)"
HUDSON VALLEY DDSO,ANOTHER STEP  INC.,706 EXECUTIVE BOULEVARD,,VALLEY COTTAGE,NY,10989,845-268-8200,ROCKLAND,http://anotherstep.org,N,Y,N,N,Y,N,N,N,Y,N,Y,Y,Y,Y,N,N,"706 EXECUTIVE BOULEVARD
VALLEY COTTAGE, NY 10989
(41.129452, -73.943597)"
FINGER LAKES DDSO,MOZAIC,1083 WATERLOO-GENEVA ROAD,,WATERLOO,NY,13165,315-539-5067,SENECA,http://www.sencayarc.org,N,Y,N,N,Y,N,N,N,Y,N,Y,Y,Y,Y,N,N,"1083 WATERLOO-GENEVA ROAD
WATERLOO, NY 13165
(42.89964, -76.892847)"
SUNMOUNT DDSO,ARC JEFFERSON-ST.LAWRENCE NEW YORK (THE),380 GAFFNEY DRIVE,PO BOX 41,WATERTOWN,NY,13601,315-788-2730,JEFFERSON,http://www.thejrc.org,N,Y,N,Y,Y,N,N,N,Y,N,Y,Y,Y,Y,N,N,"380 GAFFNEY DRIVE
WATERTOWN, NY 13601
(43.984154, -75.941)"
FINGER LAKES DDSO,CDS MONARCH  INC.,860 HARD ROAD,,WEBSTER,NY,14580,585-341-4600,MONROE,http://cdsmonarch.org,N,Y,Y,N,Y,N,N,N,Y,Y,Y,Y,Y,Y,N,N,"860 HARD ROAD
WEBSTER, NY 14580
(43.216749, -77.461282)"
WESTERN NEW YORK DDSO,NYS ARC ALLEGANY COUNTY CHAPTER,240 O'CONNOR STREET,,WELLSVILLE,NY,14895,585-593-5700,ALLEGANY,http://www.alleganyarc.org,N,Y,Y,Y,Y,N,N,N,Y,N,Y,Y,Y,Y,N,N,"240 O'CONNOR STREET
WELLSVILLE, NY 14895
(42.130045, -77.950334)"
LONG ISLAND DDSO,COMMUNITY MAINSTREAMING ASSOC.  INC.,1025 OLD COUNTRY ROAD,SUITE 325,WESTBURY,NY,11590,516-683-0710,NASSAU,http://communitymainstreaming.org/,N,Y,N,Y,Y,N,N,N,Y,N,N,Y,Y,Y,N,N,"1025 OLD COUNTRY ROAD
WESTBURY, NY 11590
(40.755029, -73.557725)"
HUDSON VALLEY DDSO,CAPABILITIES PARTNERSHIP  INC.,450 WEST NYACK ROAD,SUITE #9,WEST NYACK,NY,10994,845-627-0627,ROCKLAND,http://www.essny.com,N,N,N,N,Y,N,N,N,N,N,N,Y,N,Y,N,N,"450 WEST NYACK ROAD
WEST NYACK, NY 10994
(41.09606, -73.986522)"
HUDSON VALLEY DDSO,COMMUNITY PROGRAMS OF WJCS,845 NORTH BROADWAY,SUITE 2,WHITE PLAINS,NY,10603,914-761-0600,WESTCHESTER,http://www.wjcs.com,Y,Y,N,N,Y,N,N,N,N,N,N,Y,Y,Y,N,N,"845 NORTH BROADWAY
WHITE PLAINS, NY 10603
(41.061197, -73.766038)"
WESTERN NEW YORK DDSO,PEOPLE  INC.,1219 NORTH FOREST ROAD,P.O. BOX 9033,WILLIAMSVILLE,NY,14221,716-634-8132,ERIE,http://www.people-inc.org,Y,Y,Y,Y,Y,N,N,N,Y,N,Y,Y,Y,Y,N,N,"1219 NORTH FOREST ROAD
WILLIAMSVILLE, NY 14221
(42.989014, -78.760694)"
WESTERN NEW YORK DDSO,THE ARC ERIE COUNTY NEW YORK,30 WILSON ROAD,,WILLIAMSVILLE,NY,14221,833-272-3743,ERIE,http://arceriecounty.org,N,Y,N,N,Y,N,N,N,Y,N,Y,Y,Y,Y,N,N,"30 WILSON ROAD
WILLIAMSVILLE, NY 14221
(42.954241, -78.728425)"
LONG ISLAND DDSO,CENTER F/DEVELOPMENTAL DISABILITIES  INC,72 SOUTH WOODS ROAD,,WOODBURY,NY,11797,516-921-7650,NASSAU,http://www.centerfor.com/careersatthecenter.html,Y,Y,N,N,Y,N,N,N,Y,N,N,Y,Y,N,N,N,"72 SOUTH WOODS ROAD
WOODBURY, NY 11797
(40.830356, -73.481689)"
CAPITAL DISTRICT DDSO,VANDERHEYDEN HALL  INC.,614 COOPER HILL ROAD,PO BOX 219,WYNANTSKILL,NY,12198,518-283-6500,RENSSELAER,http://www.vanderheydenhall.org,N,Y,N,N,Y,N,N,N,Y,N,N,N,Y,N,N,N,"614 COOPER HILL ROAD
WYNANTSKILL, NY 12198
(42.689917, -73.614978)"
HUDSON VALLEY DDSO,RISING GROUND  INC.,463 HAWTHORNE AVENUE,,YONKERS,NY,10705,914-375-8700,WESTCHESTER,http://www.leakeandwatts.org,N,Y,N,N,Y,N,N,N,Y,N,Y,Y,Y,N,N,N,"463 HAWTHORNE AVENUE
YONKERS, NY 10705
(40.916659, -73.905154)"
